{
  "eval_loss": 1.1299750804901123,
  "eval_wer": 59.696969696969695,
  "eval_runtime": 17.1248,
  "eval_samples_per_second": 2.92,
  "eval_steps_per_second": 0.759,
  "epoch": 2.0
}