loss,grad_norm,learning_rate,epoch,step
2.3859,13.851042747497559,6.375e-06,1.0,50
1.1807,14.202081680297852,1.2500000000000002e-07,2.0,100
