eval_loss,eval_wer,eval_runtime,eval_samples_per_second,eval_steps_per_second,epoch,step
1.3354378938674927,66.21212121212122,6626.6451,0.008,0.002,1.0,50
1.1299750804901123,59.696969696969695,420.4734,0.119,0.031,2.0,100
